Resena,Sentimiento
Excelente producto muy buena calidad y llego a tiempo,Positivo
Pesimo servicio el producto llego roto y tarde,Negativo
Me encanto la laptop funciona muy rapido y la bateria dura mucho,Positivo
Horrible experiencia no lo recomiendo para nada muy malo,Negativo
Muy satisfecho con la compra cumple con todo lo prometido,Positivo
No sirve para nada se apaga solo y es una estafa,Negativo
Buen material y bonito diseño llego bien empaquetado,Positivo
El peor producto que he comprado una decepcion total,Negativo
Funciona de maravilla excelente atencion al cliente,Positivo
Mala calidad del material se rompio el primer dia,Negativo
Maravilloso producto me encanto la calidad y el servicio,Positivo
Fatal servicio una porqueria de producto defectuoso y feo,Negativo
Excelente atencion super recomendado y de gran calidad,Positivo
Un desastre total producto defectuoso no compren aqui,Negativo
